{
    "builders": [{
    "type":                        "amazon-ebs",
    "access_key":                  "@aws-access-key@",
    "secret_key":                  "@aws-secret-access-key@",
    "region":                      "@region@",
    "source_ami":                  "@source-ami@",
    "instance_type":               "@instance-type@",
    "ssh_username":                "ubuntu",
    "ssh_private_key_file":        "/home/ubuntu/devops/jenkins_share/keys/@key@.pem",
    "ssh_keypair_name":            "@key@",
    "ami_name":                    "packer-ami",
    "subnet_id":                   "@subnet-id@",
    "security_group_ids":           [@security-group@],
    "ssh_interface":               "public_ip",
    "force_deregister":            "true",
    "force_delete_snapshot":       "true",
    "associate_public_ip_address": "true",
    "launch_block_device_mappings": [{
       "device_name": "/dev/sda1",
       "volume_size": @volume-size@,
       "volume_type": "gp2",
       "delete_on_termination": true,
       "encrypted": true,
       "kms_key_id": "arn:aws:kms:ap-south-1:197780957036:key/6c81cc50-6594-4b3c-84e1-c76f39283acb"
    }]
    }],
  "provisioners": [
     {
       "type": "shell",
       "inline": [
	       "echo testing > /home/ubuntu/test.log"
              ]
     }
  ]
}